text,sentiment
Wow... Mencintai tempat ini.,1
Kerak tidak baik.,0
Tidak enak dan teksturnya tidak enak.,0
Mampir selama liburan bank akhir Mei dari rekomendasi Rick Steve dan menyukainya.,1
Pilihan pada menu sangat bagus dan begitu pula harga.,1
Sekarang saya menjadi marah dan saya ingin pho sialan saya.,0
Kejujuran rasanya tidak segar.),0
Kentangnya seperti karet dan Anda bisa tahu bahwa kentang itu dibuat sebelumnya dengan disimpan di bawah penghangat.,0
Kentang goreng juga enak.,1
Sentuhan yang bagus.,1
Layanan sangat cepat.,1
Tidak akan kembali.,0
Kasir tidak peduli apa yang harus saya katakan itu masih terlalu mahal.,0
"Saya mencoba ravoli Cape Cod, ayam, dengan cranberry... mmmm!",1
Saya merasa jijik karena saya cukup yakin itu adalah rambut manusia.,0
Saya kaget karena tidak ada tanda yang menunjukkan hanya uang tunai.,0
Sangat dianjurkan.,1
Pelayan agak lambat dalam pelayanan.,0
"Tempat ini tidak sepadan dengan waktu Anda, apalagi Vegas.",0
tidak suka sama sekali.,0
Burritto Bla!,0
"Makanannya, luar biasa.",1
Layanan ini juga lucu.,1
Saya tidak peduli... Interiornya sangat indah.,1
Jadi mereka tampil.,1
Itu benar....kue beludru merah.....ohhh barangnya enak sekali.,1
- Mereka tidak pernah membawa salad yang kami minta.,0
"Lubang di dinding ini memiliki taco jalanan Meksiko yang enak, dan staf yang ramah.",1
"Butuh waktu satu jam untuk mendapatkan makanan kami hanya 4 meja di restoran makanan saya hangat Luke, server kami berlarian seperti dia benar-benar kewalahan.",0
Yang terburuk adalah salmon sashimi.,0
"Juga ada kombo seperti burger, kentang goreng, dan bir untuk 23 orang yang merupakan kesepakatan yang layak.",1
Ini seperti pukulan terakhir!,0
Saya menemukan tempat ini secara tidak sengaja dan saya tidak bisa lebih bahagia.,1
"sepertinya tempat cepat yang bagus untuk mencicipi beberapa makanan pub yang sudah dikenal, tetapi bantulah diri Anda sendiri dan cari di tempat lain.",0
"Secara keseluruhan, saya sangat menyukai tempat ini.",1
Satu-satunya kualitas penebusan restoran adalah sangat murah.,1
Banyak porsi dan harga bagus.,1
"Layanan yang buruk, pelayan membuat saya merasa bodoh setiap kali dia datang ke meja.",0
Kunjungan pertama saya ke Hiro sangat menyenangkan!,1
Layanan menyebalkan.,0
Udangnya empuk dan lembab.,1
Tidak ada kesepakatan yang cukup bagus yang akan menyeret saya ke tempat itu lagi.,0
Sulit untuk menilai apakah sisi-sisi ini bagus karena kami merasa jijik dengan styrofoam yang meleleh dan tidak mau memakannya karena takut sakit.,0
"Sebagai catatan positif, server kami sangat penuh perhatian dan memberikan layanan yang luar biasa.",1
"Kepingan jijik beku, dengan beberapa orang terburuk di belakang daftar.",0
Satu-satunya hal yang saya suka adalah tulang rusuk utama dan bagian pencuci mulut.,1
Sayang sekali makanannya sangat umum.,0
"Burgernya adalah daging sapi yang enak, dimasak dengan benar.",1
"Jika Anda ingin sandwich, pergi saja ke Firehouse mana saja!!!!!",1
"Salad Yunani sisi saya dengan saus Yunani sangat lezat, dan pita dan hummus sangat menyegarkan.",1
Kami memesan bebek langka dan berwarna merah muda dan empuk di bagian dalam dengan arang yang bagus di bagian luar.,1
Dia berlari mengejar kami ketika dia menyadari suamiku telah meninggalkan kacamata hitamnya di atas meja.,1
Chow mein mereka sangat enak!,1
"Mereka memiliki sikap yang buruk terhadap pelanggan, dan berbicara kepada setiap pelanggan ketika pelanggan tidak menikmati makanan mereka.",0
Porsinya sangat besar!,1
"Menyukainya ... server yang ramah, makanan enak, menu yang luar biasa dan imajinatif.",1
The Heart Attack Grill di pusat kota Vegas adalah alasan yang benar-benar datar untuk sebuah restoran.,0
Tidak banyak makanan laut dan seperti 5 untaian pasta di bagian bawah.,0
"Salad memiliki jumlah saus yang tepat untuk tidak terlalu menguasai kerang, yang dimasak dengan sempurna.",1
"Pisang yang robek tidak hanya robek, tetapi juga membatu dan tidak berasa.",0
Setidaknya pikirkan untuk mengisi ulang air saya sebelum saya berjuang untuk melambai Anda selama 10 menit.,0
Tempat ini menerima bintang untuk APPETIZERS mereka!!!,1
Koktail semuanya buatan tangan dan lezat.,1
Kami pasti akan kembali ke sini lagi.,1
Kami sangat senang kami menemukan tempat ini.,1
"Makanan dan layanan yang luar biasa, porsi besar dan mereka memberikan diskon militer.",1
Selalu bersenang-senang di Dos Gringos!,1
Perbarui ..... kembali untuk kedua kalinya dan itu masih sama menakjubkannya,1
Kami mendapat makanan dan tampaknya mereka belum pernah mendengar tentang garam dan adonan pada ikan itu kenyal.,0
Cara yang bagus untuk menyelesaikan yang hebat.,1
"Kesepakatan itu termasuk 5 rasa dan 2 minuman, dan Jeff melampaui apa yang kami harapkan.",1
"- Benar-benar nasi yang enak, sepanjang waktu.",1
Layanannya enak.,0
"Butuh lebih dari 30 menit untuk mendapatkan milkshake mereka, yang tidak lebih dari susu coklat.",0
"Kurasa seharusnya aku tahu kalau tempat ini akan payah, karena berada di dalam Excalibur, tapi aku tidak menggunakan akal sehatku.",0
Hidangan kerang juga cukup mengerikan untuk nilainya.,0
2 kali - Layanan Pelanggan Sangat Buruk!,0
Kentang goreng sangat enak dan dibumbui dengan baik.,1
Hari ini adalah kedua kalinya saya ke prasmanan makan siang mereka dan itu cukup bagus.,1
Ada begitu banyak makanan enak di Vegas sehingga saya merasa tertipu karena menyia-nyiakan kesempatan makan dengan pergi ke Rice and Company.,0
Datang ke sini seperti mengalami hubungan yang tidak menyenangkan di mana kedua belah pihak tidak sabar menunggu orang lain meminta putus.,0
masuk dan tempat itu berbau seperti perangkap minyak tua dan hanya 2 orang lainnya yang makan di sana.,0
Kalkun dan daging sapi panggang terasa hambar.,0
Tempat ini memilikinya!,1
Kue pan yang semua orang mengoceh tentang rasanya seperti bencana manis yang disesuaikan dengan selera anak berusia enam tahun.,0
Saya suka Pho dan lumpia oh enak sekali Anda harus mencobanya.,1
Rasio adonan daging yang buruk membuat tender ayam sangat tidak memuaskan.,0
Yang harus saya katakan adalah makanannya luar biasa! ! !,1
Omelet adalah untuk mati untuk!,1
Semuanya segar dan lezat!,1
"Singkatnya, ini adalah pengalaman bersantap yang sangat mengecewakan.",0
"Ini seperti pesta yang sangat seksi di mulut Anda, di mana Anda menggoda orang terpanas di pesta itu.",1
"Belum pernah ke Hard Rock Casino sebelumnya, TIDAK AKAN PERNAH MELANGKAH KE DEPAN LAGI!",0
Sarapan prasmanan terbaik!!!,1
ucapkan selamat tinggal pada wanita tip Anda!,0
Kami tidak akan pernah pergi lagi.,0
Akan kembali lagi!,1
Makanan tiba dengan cepat!,1
Itu tidak baik.,0
"Sisi baiknya, kafe mereka menyajikan makanan yang sangat enak.",1
"Server kami luar biasa dan ketika dia tahu istrinya suka bawang putih panggang dan sumsum tulang, dia menambahkan ekstra ke makanan kami dan sumsum lain untuk pergi!",1
"Satu-satunya hal yang baik adalah pelayan kami, dia sangat membantu dan membuat bloddy mary datang.",1
"Prasmanan terbaik di kota, untuk harga yang tidak bisa Anda kalahkan.",1
"AKU MENCINTAI kerang mereka yang dimasak dalam pengurangan anggur ini, bebeknya empuk, dan hidangan kentang mereka lezat.",1
Ini adalah salah satu prasmanan terbaik yang pernah saya kunjungi.,1
Jadi kami pergi ke Tigerlilly dan menikmati sore yang fantastis!,1
"Makanannya lezat, bartender kami penuh perhatian dan ramah DAN kami mendapat banyak hal!",1
Suasana luar biasa dan ada musik yang diputar.,1
Akan kembali perjalanan berikutnya.,1
sangat bagus!!,1
"Pecinta sushi NYATA, jujur ​​​​saja - Yama tidak sebagus itu.",0
"Setidaknya 40 menit berlalu di antara kami memesan dan makanan tiba, dan tidak terlalu sibuk.",0
Ini adalah restoran Thailand yang sangat fantastis yang pasti patut dikunjungi.,1
"Bagus, pedas dan lembut.",1
Harga bagus.,1
Coba lihat.,1
Itu sangat kotor!,0
Saya memiliki suasana yang lebih baik.,0
Agak sulit untuk mengacaukan steak tetapi mereka melakukannya.,0
"Meskipun saya sangat menyukai tampilan dan suara tempat ini, pengalaman sebenarnya agak mengecewakan.",0
Saya hanya tidak tahu bagaimana tempat ini bisa menyajikan makanan paling hambar yang pernah saya makan ketika mereka menyiapkan masakan India.,0
"Layanan terburuk untuk boot, tetapi itu adalah kekhawatiran mereka yang paling kecil.",0
Layanan baik-baik saja dan pelayan ramah.,1
"Orang-orang semua memiliki steak, dan putra pencinta steak kami yang memiliki steak di tempat terbaik dan terburuk mengatakan itu adalah steak terbaik yang pernah dia makan.",1
"Kami pikir Anda harus pergi lebih jauh untuk mendapatkan sushi yang enak, tetapi tempat ini benar-benar populer malam itu.",1
"Staf tuan rumah, karena tidak ada kata yang lebih baik, BITCHES!",0
Hambar ... Tidak menyukai tempat ini karena sejumlah alasan dan saya tidak ingin membuang waktu untuk ulasan buruk .. Saya akan berhenti di situ ...,0
"Makanan fenomenal, layanan, dan suasana.",1
Saya tidak akan kembali.,0
"Pasti layak untuk menjelajah perut babi, akan kembali nanti saya di Vegas.",1
Tempat ini terlalu mahal untuk makanan biasa-biasa saja.,0
Penne vodka luar biasa!,1
"Mereka memiliki pilihan makanan yang baik termasuk sandwich meatloaf besar, bungkus ayam renyah, lelehan tuna yang lezat, dan beberapa burger lezat.",1
Manajemennya kasar.,0
"Bagel NYC yang lezat, pilihan krim keju yang enak, bahkan Lox asli dengan caper.",1
"Kereta bawah tanah yang bagus, sebenarnya sangat bagus ketika Anda datang ke sini setiap kereta bawah tanah lainnya tidak akan memenuhi harapan Anda.",1
Saya menikmati sarapan yang sangat padat di sini.,1
Ini adalah salah satu bar terbaik dengan makanan di Vegas.,1
"Dia sangat kasar dan sungguh, ada begitu banyak restoran lain yang ingin saya makan selama akhir pekan di Vegas.",0
Minuman saya tidak pernah kosong dan dia membuat beberapa saran menu yang sangat bagus.,1
Jangan lakukan itu!!!!,0
Pelayan tidak membantu atau ramah dan jarang memeriksa kami.,0
Suami saya dan saya makan siang di sini dan sangat kecewa dengan makanan dan pelayanan.,0
Dan kari merah memiliki begitu banyak rebung dan tidak terlalu enak untukku.,0
Selimut moz yang bagus di atasnya tetapi saya merasa ini dilakukan untuk menutupi makanan di bawah standar.,1
Kamar mandi bersih dan tempat itu sendiri dihias dengan baik.,1
"Menu selalu berubah, kualitas makanan turun & layanan sangat lambat.",0
"Layanan ini agak lambat, mengingat dilayani oleh 3 orang server sehingga makanan datang dengan lambat.",0
Saya memberikannya 2 jempol ke bawah,0
Kami menyaksikan pelayan kami lebih memperhatikan meja lain dan mengabaikan kami.,0
Tunangan saya dan saya datang di tengah hari dan kami disambut dan duduk segera.,1
Ini adalah restoran yang bagus di Mandalay Bay.,1
Kami menunggu selama empat puluh lima menit dengan sia-sia.,0
Crostini yang datang dengan salad sudah basi.,0
Beberapa sorotan: Nigiri berkualitas tinggi di sini!,1
stafnya ramah dan persendiannya selalu bersih.,1
ini adalah potongan yang berbeda dari potongan kemarin tapi masih indah dan lembut dengan rasa yang enak.,1
Saya memesan pasta Voodoo dan ini adalah pertama kalinya saya memiliki pasta yang sangat enak sejak bebas gluten beberapa tahun yang lalu.,1
tempat ini bagus.,1
"Sayangnya, kami harus pergi ke toko roti pada hari sisa karena semua yang kami pesan sudah basi.",0
Saya kembali hari ini karena mereka pindah dan masih belum terkesan.,0
Saya segera duduk.,1
"Menu mereka beragam, dan harga terjangkau.",1
Hindari dengan cara apa pun!,0
Restoran selalu penuh tetapi tidak pernah menunggu.,1
LEZAT!!,1
Tempat ini adalah salah satu tempat terbaik untuk makan di area metro Phoenix.,1
Jadi jangan pergi ke sana jika Anda mencari makanan enak. . .,0
Saya tidak pernah diperlakukan begitu buruk.,0
Bacon sangat asin.,1
"Kami juga memesan salad bayam dan alpukat, bahan-bahannya sedih dan sausnya benar-benar tidak memiliki rasa.",0
"Beginilah dulu santapan mewah Vegas, sampai ke menu yang diberikan kepada para wanita yang tidak memiliki harga yang tercantum.",1
Para pelayan sangat ramah.,1
"Ya Tuhan, Khao Soi adalah hidangan yang tidak boleh dilewatkan oleh para pecinta kari!",1
Segala sesuatu di menu luar biasa dan kami juga senang bahwa mereka membuat akomodasi yang luar biasa untuk putri vegetarian kami.,1
"Mungkin saya menangkap mereka pada malam libur dilihat dari ulasan lain, tetapi saya tidak terinspirasi untuk kembali.",0
Layanan di sini meninggalkan banyak hal yang diinginkan.,0
"Suasananya modern dan trendi, dengan tetap mempertahankan sentuhan kesenangan.",1
"Bukan tempat mingguan, tapi pasti tempat untuk kembali sesekali.",1
Kami benar-benar duduk di sana selama 20 menit tanpa ada yang meminta untuk mengambil pesanan kami.,0
"Burgernya sama sekali tidak memiliki rasa - dagingnya sendiri benar-benar hambar, burgernya terlalu matang dan tidak ada rasa arang.",0
Saya juga memutuskan untuk tidak mengirimnya kembali karena pelayan kami sepertinya hampir mengalami serangan jantung.,0
Saya berdandan untuk diperlakukan dengan sangat kasar!,0
Itu mungkin kotoran.,0
"Suka tempat ini, tepat ketika saya menginginkan sesuatu yang sehat tetapi tidak kurang dalam jumlah atau rasa.",1
Aku memesan koktail es lemon raspberry yang juga luar biasa.,1
"Makanannya menyedot, yang kami harapkan tetapi menyedot lebih dari yang bisa kami bayangkan.",0
Dekorasi yang menarik.,1
Apa yang saya sangat suka ada stasiun krep.,1
"Juga disajikan roti panas dan mentega, dan keripik kentang buatan rumah dengan potongan daging asap di atasnya.... sangat asli dan sangat enak.",1
Anda dapat melihat mereka menyiapkan makanan lezat!),1
Telur gulung keduanya fantastis.,1
"Ketika pesanan saya tiba, salah satu salad gyro hilang.",0
"Saya memiliki salad dengan sayap, dan beberapa es krim untuk pencuci mulut dan pergi dengan perasaan cukup puas.",1
Saya tidak begitu yakin bagaimana Joey terpilih sebagai hot dog terbaik di Lembah oleh pembaca Majalah Phoenix.,0
Tempat terbaik untuk menikmati semangkuk Pho yang lezat!,1
Musik live pada hari Jumat benar-benar berhembus.,0
Saya tidak pernah lebih terhina atau merasa tidak dihargai.,0
staf yang sangat ramah.,1
Layak untuk dikendarai.,1
"Saya telah mendengar hal-hal baik tentang tempat ini, tetapi itu melebihi setiap harapan yang dapat saya impikan.",1
Makanannya enak dan begitu juga layanannya!,1
Bir hangat tidak membantu.,0
Tempat makan siang yang enak.,1
Layanan ramah dan mengundang.,1
Tempat makan siang yang sangat bagus.,1
Saya telah tinggal di sini sejak 1979 dan ini adalah pertama (dan terakhir) kali saya menginjakkan kaki di tempat ini.,0
PENGALAMAN TERBURUK YANG PERNAH ADA.,0
Pasti malam libur di tempat ini.,0
"Sisi-sisinya enak - campuran jamur, haluskan emas yukon, jagung putih - beateous.",1
"Jika serangga itu tidak pernah muncul, saya pasti akan memberikan 4, tetapi di sisi lain dinding tempat serangga ini memanjat adalah dapur.",0
"Selama sekitar 10 menit, kami sedang menunggu saladnya ketika kami menyadari bahwa itu tidak akan datang dalam waktu dekat.",0
Teman saya suka salmon tartar.,1
Tidak akan kembali.,0
Sangat Lezat!,1
Pelayan sangat baik!,1
Basah dan tidak baik.,0
Mojito Jamaika sangat lezat.,1
Yang kecil dan tidak sepadan dengan harganya.,0
- makanannya kaya jadi pesanlah yang sesuai.,1
"Area shower ada di luar sehingga Anda hanya bisa membilas, tidak mandi penuh, kecuali jika Anda tidak keberatan telanjang untuk dilihat semua orang!",0
Layanannya agak kurang.,0
"Lobster Bisque, Bussell Sprouts, Risotto, Filet SEMUA membutuhkan garam dan merica.. dan tentu saja tidak ada di meja.",0
Semoga ini menjadi pertanda bagi mereka untuk keluar dari bisnis dan seseorang yang bisa memasak bisa masuk.,0
"Itu terlalu dingin, tidak cukup rasa atau hanya buruk.",0
Aku suka kurma yang dibungkus bacon.,1
Ini adalah PENAWARAN yang luar biasa!,1
Orang-orang di Otto selalu membuat kami merasa sangat disambut dan istimewa.,1
"Adapun ""listrik"", juga tidak bersemangat.",0
Ini adalah tempat di mana saya pertama kali memiliki pho dan itu luar biasa!!,1
Pengalaman yang luar biasa ini membuat tempat ini wajib dikunjungi setiap kali kami berada di kota lagi.,1
"Jika makanannya tidak cukup buruk untuk Anda, maka nikmati berurusan dengan orang-orang mabuk yang paling buruk/menyebalkan di dunia.",0
Koki yang sangat menyenangkan.,1
"Memesan burger keju ganda & mendapat satu patty yang berantakan (gambar diunggah) Ya, masih menyebalkan.",0
Tempat yang bagus untuk minum-minum dan menonton setiap dan semua acara olahraga karena dindingnya ditutupi dengan TV.,1
"Jika mungkin memberi mereka nol bintang, mereka akan memilikinya.",0
"Uraiannya mengatakan ""saus yum yum"" dan yang lain mengatakan ""saus belut"", yang lain mengatakan ""mayo pedas"".",0
"Saya akan mengatakan itu akan menjadi keputusan yang paling sulit ... Sejujurnya, semua hidangan M rasanya seperti yang seharusnya (luar biasa).",1
"Jika dia tidak memutar matanya, kita mungkin akan tetap tinggal... Tidak yakin apakah kita akan kembali dan mencobanya lagi.",0
"Setiap orang sangat penuh perhatian, memberikan layanan pelanggan yang sangat baik.",1
Mengerikan - jangan buang waktu dan uang Anda.,0
Sekarang hidangan ini cukup lezat.,1
Saat ini sisi restoran kami hampir kosong sehingga tidak ada alasan.,0
"(Itu juga tidak sibuk) Juga, bangunan itu sangat dingin.",0
"seperti kata resensi lainnya ""Anda tidak bisa membayar saya untuk makan di tempat ini lagi.""",0
- Minuman membutuhkan waktu hampir 30 menit untuk keluar pada satu titik.,0
"Kelezatan yang benar-benar beraroma, teman-teman.",1
Jauh lebih baik daripada tempat sushi AYCE lain yang saya kunjungi di Vegas.,1
Pencahayaan cukup gelap untuk mengatur suasana hati.,1
"Berdasarkan layanan sub-par yang saya terima dan tidak ada upaya untuk menunjukkan rasa terima kasih mereka atas bisnis saya, saya tidak akan kembali.",0
Pemiliknya adalah orang-orang hebat.!,1
Tidak ada yang istimewa tentang bekerja/makan di sana.,0
Saus Yunani sangat lembut dan beraroma.,1
"Secara keseluruhan, saya tidak berpikir bahwa saya akan membawa orang tua saya ke tempat ini lagi karena mereka membuat sebagian besar keluhan serupa yang juga saya rasakan secara diam-diam.",0
"Sekarang pizza itu sendiri enak, saus kacangnya sangat enak.",1
Kami memiliki 7 di meja kami dan layanannya cukup cepat.,1
Layanan yang fantastis di sini.,1
Saya juga akan memberi ayah baptis nol bintang jika memungkinkan.,0
Mereka tahu bagaimana membuatnya di sini.,1
sangat sulit dan sangat pendek rasa!,0
Saya harap tempat ini bertahan.,1
"Saya telah berada di lebih dari beberapa bar di Vegas, dan tidak pernah ingat dikenakan biaya untuk air ledeng.",0
Suasana restoran sangat indah.,1
"Layanan bagus, sangat bersih, dan murah, untuk boot!",1
Makanan laut itu segar dan murah hati dalam porsi.,1
"Plus, itu hanya 8 dolar.",1
Layanan juga tidak sesuai standar.,0
"Sejauh ini, hanya mengunjungi dua kali dan makanannya benar-benar nikmat setiap saat.",1
Sama baiknya dengan ketika saya memilikinya lebih dari setahun yang lalu!,1
"Untuk kafe kopi yang memproklamirkan diri, saya sangat kecewa.",0
Piring Veggitarian keluar dari dunia ini!,1
Anda tidak bisa salah dengan makanan apa pun di sini.,1
Anda tidak bisa mengalahkan itu.,1
"Mampir ke tempat ini saat berada di Madison untuk Ironman, staf yang sangat ramah dan baik hati.",1
Para koki ramah dan melakukan pekerjaan dengan baik.,1
"Saya sudah lebih baik, tidak hanya dari tempat teh boba khusus, tetapi bahkan dari Jenni Pho.",0
Saya menyukai teras dan layanannya luar biasa.,1
Taco kambing tidak berhemat pada daging dan wow FLAVOR apa!,1
Saya pikir tidak lagi,0
Aku punya salad mac dan itu cukup hambar jadi aku tidak akan mendapatkannya lagi.,0
Saya pergi ke Bachi Burger atas rekomendasi seorang teman dan tidak kecewa.,1
Layanan bau di sini!,0
Saya menunggu dan menunggu.,0
"Tempat ini bukan sushi berkualitas, ini bukan restoran berkualitas.",0
Saya pasti akan merekomendasikan sayap serta pizza.,1
Pizza dan Salad Hebat!,1
Hal-hal yang salah: - Mereka membakar saganaki.,0
Kami menunggu satu jam untuk sarapan apa yang bisa saya lakukan 100 kali lebih baik di rumah.,0
Tempat ini luar biasa!,1
"Saya benci untuk tidak setuju dengan sesama Yelpers, tetapi suami saya dan saya sangat kecewa dengan tempat ini.",0
Menunggu 2 jam & tidak pernah mendapatkan pizza kami seperti yang dilakukan oleh banyak orang lain di sekitar kami yang datang kemudian!,0
Hanya tidak tahu mengapa mereka sangat lambat.,0
"Stafnya luar biasa, makanannya enak, dan mereka memiliki pilihan bir yang luar biasa.",1
"Saya tinggal di lingkungan itu jadi saya kecewa saya tidak akan kembali ke sini, karena ini adalah lokasi yang nyaman.",0
Saya tidak tahu babi yang ditarik bisa sangat lezat.,1
"Anda mendapatkan ikan yang sangat segar, disiapkan dengan hati-hati.",1
"Sebelum saya membahas mengapa saya memberi peringkat bintang 1, ketahuilah bahwa ini adalah ketiga kalinya saya makan di burger Bachi sebelum menulis ulasan.",0
Saya suka fakta bahwa semua yang ada di menu mereka sepadan.,1
Tidak akan pernah lagi saya makan di tempat ini!,0
Makanan yang sangat baik dan layanan sangat baik.,1
Pilihan bir & minuman yang baik dan pilihan makanan yang baik.,1
Silakan tinggal jauh dari mie goreng udang.,0
Pesanan keripik kentangnya menyedihkan... Saya mungkin bisa menghitung berapa banyak keripik yang ada di dalam kotak itu dan mungkin sekitar 12.,0
Makanan benar-benar membosankan.,0
Layanan Baik-periksa!,1
Perusahaan serakah ini TIDAK AKAN PERNAH melihat sepeser pun dari saya!,0
Tidak akan pernah kembali.,0
"Seperti halnya saya ingin kembali, saya tidak dapat melewati layanan yang mengerikan dan tidak akan pernah kembali.",0
"Di musim panas, Anda dapat bersantap di teras luar ruangan yang menawan - sangat menyenangkan.",1
Saya tidak berharap ini menjadi begitu baik!,1
Makanan yang fantastis!,1
Dia memesan muffin Inggris panggang yang keluar tanpa rasa.,0
Makanannya sangat enak.,1
Tidak akan pernah kembali.,0
"Makanan enak untuk harganya, yang kualitasnya sangat tinggi dan dibuat di rumah.",1
Bocah bus di sisi lain sangat kasar.,0
"Pada titik ini, teman-teman saya dan saya pada dasarnya telah mengetahui bahwa tempat ini adalah lelucon dan tidak keberatan mengumumkannya secara publik dan keras.",0
"Kembali ke BBQ yang enak, tarif yang lebih ringan, harga yang masuk akal, dan beri tahu publik bahwa mereka kembali ke cara lama.",1
"Dan mengingat kami berdua pergi dari sana dengan sangat kenyang dan bahagia dengan harga sekitar $20, Anda tidak akan salah.",1
Semua roti dibuat sendiri!,1
Satu-satunya downside adalah layanan.,0
"Juga, kentang goreng tidak diragukan lagi adalah kentang goreng terburuk yang pernah saya rasakan.",0
Layanan luar biasa dan makanan yang baik karena semua ulasan.,1
"Beberapa bulan kemudian, saya kembali dan menikmati makanan yang luar biasa.",1
Tempat favorit di kota untuk shawarrrrrrma!!!!!!,1
Kacang polong dan ubi jalar... TIDAK NYATA!,1
Anda tidak akan kecewa.,1
"Mereka bisa menyajikannya hanya dengan vinaigrette dan mungkin membuat hidangan keseluruhan lebih baik, tapi itu masih sangat bagus.",1
"Saya pergi ke terlalu banyak tempat dan saya belum pernah melihat restoran yang menyajikan sarapan 1 butir telur, terutama untuk $4,00.",0
"Ketika ibu saya dan saya sampai di rumah, dia langsung sakit dan dia hanya makan sedikit salad.",0
Server tidak menyenangkan untuk ditangani dan mereka tidak selalu menghormati kupon Pizza Hut.,0
"Keduanya benar-benar luar biasa bagus, dan saya sangat senang kami kembali.",1
"Kami memiliki layanan yang fantastis, dan senang dengan suasananya.",1
Semuanya kotor.,0
Saya menyukai tempat ini.,1
Layanan hebat dan makanan.,1
Pertama - kamar mandi di lokasi ini kotor - Sarung jok tidak diisi ulang & hanya menjijikkan!,0
"Burgernya... Saya mendapat ""Standar Emas"" burger seharga $17 dan agak kecewa.",0
"OMG, makanannya enak!",1
Tidak ada yang otentik tentang tempat ini.,0
spageti tidak ada yang istimewa sama sekali.,0
"Dari semua hidangan, salmon adalah yang terbaik, tetapi semuanya enak.",1
Sayurannya sangat segar dan sausnya terasa seperti asli Thailand.,1
It's worth mengemudi dari Tucson!,1
Pilihannya mungkin yang terburuk yang pernah saya lihat di Vegas..... tidak ada.,0
Pilihan bir yang cukup bagus juga.,1
"Tempat ini seperti Chipotle, tapi LEBIH BAIK.",1
"Suasana berkelas / hangat, makanan pembuka yang menyenangkan dan segar, steak lezat (Baseball steak !!!!!",1
5 bintang untuk aplikasi roti oven bata!,1
"Saya sudah makan di sini beberapa kali, dan setiap kali makanannya enak.",1
Kami duduk sepuluh menit lagi dan akhirnya menyerah dan pergi.,0
Dia mengerikan!,0
Setiap orang diperlakukan sama istimewanya.,1
Seharusnya tidak memakan waktu 30 menit untuk pancake dan telur.,0
Itu lezat!!!,1
"Sisi baiknya, staf benar-benar menyenangkan dan antusias - benar-benar menyenangkan.",1
"Sayangnya, Gordon Ramsey's Steak adalah tempat yang harus kami hindari dengan tajam selama perjalanan kami berikutnya ke Vegas.",0
Seperti biasa malam itu indah dan makanannya enak!,1
Ikan terbaik yang pernah saya miliki dalam hidup saya!,1
(Kamar mandinya bersebelahan dan sangat bagus.),1
Prasmanan kecil dan semua makanan yang mereka tawarkan adalah BLAND.,0
Ini adalah restoran kecil yang luar biasa dengan beberapa Makanan Terbaik yang pernah saya rasakan.,1
Cukup keren menurut saya.,1
Pasti mematikan untuk saya & saya ragu saya akan kembali kecuali orang lain membeli.,0
Server melakukan pekerjaan yang baik dengan menangani meja gaduh besar kami.,1
"Menurutku membuang-buang makanan itu tercela, tapi ini bukan makanan.",0
Istri saya punya sup Lobster Bisque yang suam-suam kuku.,0
Akan kembali lagi jika saya ingin sushi di Vegas.,1
"Stafnya luar biasa, suasananya luar biasa.",1
Dia layak mendapat 5 bintang.,1
Saya pergi dengan sakit perut dan merasa sakit sepanjang hari.,0
Mereka menjatuhkan lebih dari bola.,0
"Ruang makannya kecil, tetapi didekorasi dengan elegan dan nyaman.",1
"Mereka akan menyesuaikan pesanan Anda dengan cara apa pun yang Anda suka, yang biasa saya lakukan adalah Tumis Terong dengan Kacang Hijau, suka!",1
Dan kacang dan nasi paling-paling biasa-biasa saja.,0
Taco terbaik di kota sejauh ini!!,1
Saya mengambil kembali uang saya dan keluar dari sana.,0
"Di bagian kota yang menarik, tempat ini luar biasa.",1
MANAJEMEN KASAR & TIDAK PERHATIAN.,0
"Staf sekarang tidak ramah, waktu tunggu untuk dilayani sangat buruk, bahkan tidak ada yang menyapa selama 10 menit pertama.",0
Saya tidak akan kembali.,0
Mereka memiliki makan malam yang enak.,1
Layanan ini mengalahkan & saya merekomendasikan Halibut.,1
Makanannya sangat buruk.,0
TIDAK AKAN PERNAH KEMBALI DAN MEMBERITAHU BANYAK ORANG APA YANG TELAH TERJADI.,0
Saya tidak merekomendasikan kecuali mobil Anda mogok di depannya dan Anda kelaparan.,0
Saya akan kembali ke sini setiap kali saya di Vegas.,1
Tempat ini layak mendapat satu bintang dan 90% berkaitan dengan makanan.,0
Ini memalukan.,0
pasti akan kembali ke mangkuk lain kali,1
"Jika Anda ingin makanan otentik atau etis yang sehat, cobalah tempat ini.",1
Saya akan terus datang ke sini pada malam wanita dan malam kencan ... sangat merekomendasikan tempat ini kepada siapa pun yang ada di area ini.,1
"Saya telah ke sini beberapa kali di masa lalu, dan pengalamannya selalu luar biasa.",1
Kami pergi dengan perasaan kenyang dan senang dengan pengalaman prasmanan Vegas pertama kami.,1
Layanan sangat baik dan harga cukup masuk akal mengingat ini adalah Vegas dan terletak di dalam pusat perbelanjaan Crystals oleh Aria.,1
"Untuk meringkas... makanannya luar biasa, bukan, transenden... tapi tidak ada yang membuatku senang seperti ingatan tentang dispenser bumbu pneumatik.",1
Saya mungkin salah satu dari sedikit orang yang pernah pergi ke Ians dan tidak menyukainya.,0
Pizza anak-anak juga selalu menjadi hit dengan banyak pilihan lauk yang enak untuk anak-anak!,1
Layanan sempurna dan suasana keluarga menyenangkan untuk dilihat.,1
Dimasak dengan sempurna dan layanannya sempurna.,1
Yang ini hanyalah kekecewaan.,0
"Secara keseluruhan, saya sangat kecewa dengan kualitas makanan di Bouchon.",0
Saya tidak perlu menjadi seorang akuntan untuk mengetahui bahwa saya kacau!,0
"Tempat yang bagus untuk makan, mengingatkan saya pada ibu kecil dan toko pop di San Francisco Bay Area.",1
Hari ini adalah rasa pertama saya dari Buldogis Gourmet Hot Dog dan saya harus memberi tahu Anda bahwa itu lebih dari yang pernah saya bayangkan.,1
Meninggalkan sangat frustrasi.,0
Saya pasti akan segera masuk lagi.,1
Makanan sangat enak dan saya cepat kenyang.,1
Layanan sangat fantastis.,1
TOTAL BUANG-BUANG WAKTU.,0
Saya tidak tahu jenis apa itu tetapi mereka memiliki es teh terbaik.,1
"Datang lapar, tinggalkan bahagia dan kenyang!",1
"Untuk layanan, saya tidak memberi mereka bintang.",0
Saya dapat meyakinkan Anda bahwa Anda tidak akan kecewa.,1
Saya dapat mengambil sedikit layanan buruk tetapi makanannya menyebalkan.,0
Menyerah untuk mencoba memakan salah satu kerak (gigi masih sakit).,0
Tapi sekarang aku benar-benar merasa jijik.,0
Saya sangat menikmati makan di sini.,1
Pertama kali pergi tapi saya pikir saya akan segera menjadi biasa.,1
"Server kami sangat baik, dan meskipun dia tampak sedikit kewalahan dengan semua kebutuhan kami, dia tetap profesional dan ramah sampai akhir.",1
Dari apa yang dikatakan teman makan malam saya ... semuanya sangat segar dengan tekstur dan rasa yang enak.,1
"Di tanah, tepat di sebelah meja kami ada tumpukan kotoran burung hijau yang besar, berlumuran, diinjak-injak-dan-lacak-di mana-mana.",0
"Selain itu, Anda bahkan tidak dapat menemukan jam operasional di situs web!",0
Kami telah mencoba menyukai tempat ini tetapi setelah 10+ kali saya pikir kami sudah selesai dengan mereka.,0
Itu merupakan sebuah kesalahan!,0
Tidak ada komplain!,1
Ini adalah pizza yang sangat enak dan saya ahli / ahli dalam topik ini.,1
Pelayan itu brengsek.,0
"Strike 2, yang ingin terburu-buru.",0
Ini adalah pemilik restoran terbaik yang pernah saya temui.,1
Saya tidak pernah datang lagi.,0
Kami menyukai biskuitnya!!!,1
Layanan cepat dan ramah.,1
Memesan hidangan pembuka dan memakan waktu 40 menit dan kemudian pizza 10 menit lagi.,0
Sangat fantastis.,1
"Itu adalah sepotong besar sapi seberat 1,5 kg yang 3/4 rawan dan gemuk.",0
pasti akan kembali kesini lagi.,1
Saya suka Steiners karena gelap dan rasanya seperti bar.,1
Wow sangat pedas tapi enak.,1
"Jika Anda tidak terbiasa, lihatlah.",1
Saya akan mengambil dolar makan malam bisnis saya di tempat lain.,0
Saya akan senang untuk kembali.,1
"Bagaimanapun, restoran FS ini memiliki sarapan / makan siang yang luar biasa.",1
Tidak ada yang spesial.,0
Setiap hari dalam seminggu mereka memiliki kesepakatan yang berbeda dan semuanya sangat lezat!,1
"Belum lagi kombinasi pir, almond, dan bacon adalah pemenang besar!",1
tidak akan kembali.,0
Sausnya hambar.,0
"Makanannya enak dan cukup pedas, jadi pastikan untuk meminta yang lebih pedas jika Anda lebih suka.",1
Steak ribeye saya dimasak dengan sempurna dan memiliki rasa mesquite yang enak.,1
Saya tidak berpikir kita akan kembali dalam waktu dekat.,0
Makanannya sangat enak.,1
Saya jauh dari penikmat sushi tapi saya pasti bisa membedakan antara makanan yang baik dan makanan yang buruk dan ini tentu saja makanan yang buruk.,0
Saya sangat terhina.,0
3 kali terakhir saya makan siang di sini buruk.,0
Sayap ayam berisi daging ayam terkering yang pernah saya makan.,0
"Makanannya sangat enak dan saya menikmati setiap suapan, tempat santai yang menyenangkan untuk pasangan, kelompok keluarga kecil, dll.",1
Nargile - Saya pikir Anda hebat.,1
Tater tots terbaik di barat daya.,1
Kami menyukai tempat itu.,1
Jelas tidak sebanding dengan $3 yang saya bayarkan.,0
Es krim vanila lembut dan halus sementara kue profiterole (choux) cukup segar.,1
Saya di AZ sepanjang waktu dan sekarang memiliki tempat baru saya.,1
Manajer adalah yang terburuk.,0
Bagian dalamnya sangat bagus dan sangat bersih.,1
Makanannya luar biasa dan harganya sangat masuk akal.,1
Saya tidak berpikir saya akan berlari kembali ke Carly dalam waktu dekat untuk makan.,0
"Ini karena butuh 20 menit untuk diakui, lalu 35 menit lagi untuk mendapatkan makanan kami... dan mereka terus melupakan banyak hal.",0
Suka margarita juga!,1
Ini adalah prasmanan Vegas pertama dan satu-satunya saya dan tidak mengecewakan.,1
Sangat bagus!,1
Catatan satu bawah adalah ventilasi bisa menggunakan beberapa upgrade.,0
Sandwich babi yang enak.,1
Jangan buang waktu Anda di sini.,0
"Kekecewaan total, saya lebih suka pergi ke Toko Bunga Camelback dan Cartel Coffee.",0
"Ketiga, keju di burger teman saya terasa dingin.",0
Kami menikmati pizza dan makan siang mereka.,1
Steak semuanya dipangkas dengan baik dan juga dimasak dengan sempurna.,1
Kami memiliki grup 70+ ketika kami mengklaim kami hanya akan memiliki 40 dan mereka menangani kami dengan indah.,1
SAYA MENYUKAINYA!,1
Kami meminta tagihan untuk pergi tanpa makan dan mereka juga tidak membawanya.,0
"Tempat ini adalah permata di Las Vegas, dan persis seperti yang saya harapkan selama hampir sepuluh tahun tinggal di sini.",1
"Makanan laut terbatas pada udang rebus dan kaki kepiting, tetapi kaki kepiting jelas tidak terasa segar.",0
Pemilihan makanan bukanlah yang terbaik.,0
Enak dan saya pasti akan kembali!,1
"Ini bukan restoran keluarga kecil, ini adalah tempat makan yang enak.",1
Mereka memiliki toro tartare dengan kavier yang luar biasa dan saya menyukai wagyu yang diiris tipis dengan truffle putih.,1
Saya tidak berpikir saya akan kembali untuk waktu yang sangat lama.,0
"Itu dilampirkan ke pompa bensin, dan itu jarang pertanda baik.",0
Betapa mengagumkannya itu.,1
Saya akan kembali berkali-kali segera.,1
Menu memiliki begitu banyak barang bagus di dalamnya sehingga saya tidak bisa memutuskan!,1
"Lebih buruk dari semuanya, dia mempermalukan pekerjanya tepat di depan saya.. Banyak pemanggilan nama yang mengerikan.",0
KESIMPULAN: Makanan yang sangat mengenyangkan.,1
Spesial sehari-hari mereka selalu menjadi hit dengan grup saya.,1
Dan kemudian tragedi melanda.,0
Pancake juga sangat enak dan cukup besar pada saat itu.,1
"Ini adalah pengalaman udang karang pertama saya, dan rasanya enak!",1
Steak dan telur goreng ayam monster mereka adalah favorit saya sepanjang masa.,1
Pelayan itu manis dan lucu.,1
"Saya juga harus mencicipi pancake labu multi-butir ibuku dengan mentega pecan dan rasanya luar biasa, halus, dan lezat!",1
"Saya lebih suka makan makanan maskapai, serius.",0
Tidak bisa mengatakan cukup banyak hal baik tentang tempat ini.,1
Suasana luar biasa.,1
Pelayan dan manajer sangat ramah.,1
Saya tidak akan merekomendasikan tempat ini.,0
Secara keseluruhan saya tidak terlalu terkesan dengan Noca.,0
Lang saya pada dasarnya hanya selada.,0
Layanan mengerikan!,0
Benar-benar kecewa!,0
"Saya tidak banyak pasta, tapi saya suka pasta buatan sendiri / buatan tangan dan pizza tipis di sini.",1
"Cobalah, Anda akan senang melakukannya.",1
"Sejauh ini, cheesecurd terbaik yang pernah kami miliki!",1
Harga terjangkau juga!,1
Semuanya sempurna pada malam kami berada.,1
Makanannya sangat enak untuk makanan khas bar Anda.,1
itu adalah dorongan untuk sampai ke sana.,0
"Sekilas ini adalah kafe roti yang indah - suasana yang menyenangkan, bersih, staf yang ramah.",1
"Bagaimanapun, saya tidak berpikir saya akan kembali ke sana.",0
"Arahkan jari Anda ke item mana pun di menu, pesanlah dan Anda tidak akan kecewa.",1
"Oh, ini keindahan yang luar biasa, restoran ini.",1
Jika Anda belum pergi ke sini PERGI SEKARANG!,1
Makanan berminyak dan tidak sehat.,0
pertama kali di sana dan mungkin saja yang terakhir.,0
Burger itu luar biasa.,1
"Demikian pula, petugas pengiriman tidak mengucapkan sepatah kata pun permintaan maaf ketika makanan kami terlambat 45 menit.",0
Dan itu cara yang mahal.,0
"Pastikan untuk memesan hidangan penutup, bahkan jika Anda perlu mengemasnya untuk dibawa pergi - tiramisu dan cannoli keduanya sangat cocok untuk Anda.",1
Ini adalah pertama kalinya saya dan saya tidak bisa menunggu sampai berikutnya.,1
Bartendernya juga bagus.,1
Semuanya enak dan enak!,1
Tempat ini adalah dua jempol.... jalan.,1
"Tempat terbaik di Vegas untuk sarapan (lihat saja Sat, atau Sun.",1
"Jika Anda menyukai makanan asli Meksiko dan menginginkan banyak pilihan daging yang menarik namun lezat, Anda harus mencoba tempat ini.",1
Manajemen yang buruk.,0
Restoran baru yang luar biasa oleh orang Prancis yang berpengalaman.,1
"Jika ada nol bintang, saya akan memberikannya nol bintang.",0
"Steak enak, sisi enak, anggur enak, makanan penutup luar biasa.",1
Martini terburuk yang pernah ada!,0
Steak dan udang menurut saya adalah makanan pembuka terbaik di GC.,1
Saya memiliki kesempatan hari ini untuk mencicipi pizza Anda yang luar biasa!,1
Kami menunggu selama tiga puluh menit untuk duduk (walaupun ada 8 meja kosong dan kami satu-satunya orang yang menunggu).,0
Carpaccio yellowtail meleleh di mulut Anda segar.,1
Saya tidak akan mencoba kembali ke sana meskipun itu kosong.,0
"Tidak, aku akan makan kentang yang kutemukan ada rambut orang asing di dalamnya.",0
Cukup pedas.. Sebenarnya sempurna.,1
Tadi malam adalah kedua kalinya saya makan di sini dan saya sangat senang saya memutuskan untuk kembali!,1
"bahkan bukan ""halo, kami akan segera bersamamu.""",0
Makanan penutupnya agak aneh.,0
Pacar saya dan saya datang ke sini untuk pertama kalinya dalam perjalanan baru-baru ini ke Vegas dan sangat senang dengan kualitas makanan dan layanan.,1
"Saya sangat merekomendasikan tempat ini, Anda bisa salah dengan tempat donat ini!",1
Suasana yang bagus.,1
Saya akan merekomendasikan menghemat ruang untuk ini!,1
Saya kira mungkin kami pergi pada malam hari tapi itu memalukan.,0
"Namun, pengalaman saya baru-baru ini di lokasi khusus ini tidak begitu bagus.",0
"Saya tahu ini sama sekali tidak seperti restoran lain, ada sesuatu yang sangat aneh di sini!",0
HINDARI PENDIRIAN INI!,0
Saya pikir restoran ini menderita karena tidak berusaha cukup keras.,0
Semua hidangan tapas sangat lezat!,1
Saya * hati * tempat ini.,1
Salad saya memiliki vinegrette hambar pada baby greens dan hati Palm.,0
Setelah dua saya merasa menjijikkan.,0
Waktu yang baik!,1
Saya percaya bahwa tempat ini adalah perhentian besar bagi mereka yang memiliki perut besar dan mendambakan sushi.,1
Porsi yang murah hati dan rasa yang enak.,1
Saya tidak akan pernah kembali ke tempat ini dan tidak akan pernah merekomendasikan tempat ini kepada siapa pun!,0
"Server bolak-balik beberapa kali, bahkan tidak sebanyak ""Apakah Anda sedang dibantu?""",0
Makanannya enak!,1
SATU JAM... serius?,0
Saya menganggap pencurian ini.,0
Eew... Lokasi ini membutuhkan perombakan total.,0
Kami baru-baru ini menyaksikan kualitas manajemennya yang buruk terhadap tamu lain juga.,0
Menunggu dan menunggu dan menunggu.,0
"Dia juga kembali untuk memeriksa kami secara teratur, pelayanan prima.",1
Server kami sangat bagus dan memeriksa kami berkali-kali.,1
"Pizza terasa tua, super kenyal bukan cara yang baik.",0
Saya mengayunkannya untuk mencoba tetapi sangat kecewa.,0
Layanan baik dan perusahaan lebih baik!,1
Staf juga sangat ramah dan efisien.,1
"Adapun layanan: Saya penggemar, karena cepat dan Anda dilayani oleh beberapa orang baik.",1
Anak laki-laki itu pengisap kering!!.,0
Dinilai terlalu tinggi.,0
"Jika Anda mencari makanan asli Thailand, pergilah ke tempat lain.",0
Steak mereka 100% direkomendasikan!,1
"Setelah saya menarik mobil saya, saya menunggu 15 menit lagi sebelum diakui.",0
Makanan enak dan layanan hebat dalam lingkungan yang bersih dan ramah.,1
"Secara keseluruhan, saya dapat meyakinkan Anda bahwa saya akan kembali.",1
Saya benci hal-hal itu sama seperti buah zaitun hitam berkualitas murah.,0
"Sarapan saya disajikan dengan sangat baik, dengan presentasi yang indah dari 3 irisan roti panggang raksasa, ditaburi sedikit gula bubuk.",1
Area bermain anak-anak NASTY!,0
Tempat yang bagus untuk mengambil atau makan di.,1
Pelayan ramah dan senang mengakomodasi pilihan vegan / sayuran.,1
"Ya Tuhan, saya merasa belum pernah makan makanan Thailand sampai hidangan ini.",1
"Itu sangat ""remah"" dan cukup hambar.",0
Itu adalah warna pucat bukannya bagus dan arang dan tidak memiliki rasa.,0
Crouton juga terasa buatan sendiri yang merupakan nilai tambah tambahan.,1
Aku sampai di rumah untuk melihat sayap terkering yang pernah ada!,0
Ini akan menjadi perhentian reguler dalam perjalanan saya ke Phoenix!,1
Saya sangat menikmati Crema Caf sebelum mereka berkembang. Saya bahkan memberi tahu teman-teman bahwa mereka memiliki sarapan TERBAIK.,1
Tidak baik untuk uang.,0
Saya merindukannya dan berharap mereka punya satu di Philadelphia!,1
"Kami duduk cukup cepat, tetapi, akhirnya menunggu 40 menit hanya untuk memesan, 30 menit lagi sebelum makanan tiba.",0
Mereka juga memiliki keripik keju terbaik di kota.,1
"Nilai bagus, makanan enak, layanan hebat.",1
Tidak bisa meminta makanan yang lebih memuaskan.,1
Makanannya enak.,1
Itu luar biasa.,1
Saya hanya ingin pergi.,0
Kami berkendara jauh-jauh dari Scottsdale Utara... dan saya tidak kecewa sedikit pun!,1
Saya tidak akan makan di sana lagi.,0
"!....PEMILIK BENAR-BENAR BENAR-BENAR harus berhenti menjadi sangaaaat murah biarkan mereka membungkus sandwich saya yang aneh dengan dua kertas, bukan satu!",0
Saya memeriksa tempat ini beberapa tahun yang lalu dan tidak terkesan.,0
"Ayam yang saya dapatkan pasti dipanaskan kembali dan hanya ok, irisannya dingin dan lembek.",0
"Maaf, saya tidak akan mendapatkan makanan dari sini dalam waktu dekat :(",0
Mutlak harus dikunjungi!,1
Taco lidah dan pipi sapi luar biasa.,1
Teman saya tidak menyukai Bloody Mary-nya.,0
"Terlepas dari seberapa keras saya menilai bisnis, sebenarnya jarang bagi saya untuk memberikan 1 bintang.",0
Mereka benar-benar ingin menjadikan pengalaman Anda menyenangkan.,1
Saya tidak akan kembali.,0
Aku punya Pho ayam dan rasanya sangat hambar.,0
Sangat mengecewakan!!!,0
Ayam bakarnya begitu empuk dan kuning dari bumbu kunyit.,1
"drive melalui berarti Anda tidak ingin menunggu sekitar setengah jam untuk makanan Anda, tapi entah bagaimana ketika kita akhirnya pergi di sini mereka membuat kita menunggu dan menunggu.",0
Tempat yang cukup mengagumkan.,1
Suasana sempurna.,1
Semoga sukses untuk manajemen baru yang kasar dan tidak berfokus pada layanan pelanggan.,0
Nenek mana pun bisa membuat ayam panggang lebih baik dari yang ini.,0
Saya meminta beberapa kali untuk daftar anggur dan setelah beberapa waktu diabaikan saya pergi ke nyonya rumah dan mendapatkannya sendiri.,0
"Staf selalu sangat ramah dan membantu, yang sangat keren ketika Anda membawa dua anak laki-laki dan bayi!",1
Empat bintang untuk makanan & pria berbaju biru untuk getarannya yang luar biasa & masih membiarkan kami makan!,1
Sandwich daging sapi panggang terasa sangat enak!,1
"Malam yang sama, dia dan saya sama-sama sakit parah.",0
Ayam berkualitas tinggi pada salad ayam Caesar.,1
"Memesan burger langka datang, kami akan selesai.",0
Kami segera disambut dan duduk.,1
Mencoba pergi ke sini untuk makan siang dan itu adalah rumah gila.,0
"Saya terbukti salah besar dengan bar sushi ini, bukan hanya karena kualitasnya bagus, tetapi layanannya cepat dan makanannya, sempurna.",1
"Setelah menunggu satu jam dan duduk, saya tidak dalam suasana hati yang baik.",0
Ini adalah gabungan yang baik.,1
Macarons di sini sangat enak.,1
Saya tidak makan di sini!,0
"Pelayan kami sangat penuh perhatian, ramah, dan informatif.",1
"Mungkin jika mereka tidak dingin, mereka akan bisa dimakan.",0
Tempat ini memiliki banyak janji tetapi gagal memberikannya.,0
Pengalaman yang sangat buruk!,0
Apa kesalahan.,0
Makanan rata-rata terbaik.,0
Makanan enak.,1
Kami tidak akan kembali dalam waktu dekat!,0
Sangat Sangat Kecewa memesan $35 Big Bay Plater.,0
Tempat yang bagus untuk bersantai dan menikmati burger dan bir yang luar biasa.,1
Ini SEMPURNA untuk makan bersama keluarga atau berkumpul dengan beberapa teman.,1
"Tidak banyak rasa untuk mereka, dan dibangun dengan sangat buruk.",0
Tempat duduk teras sangat nyaman.,1
Nasi gorengnya juga kering.,0
Turun tangan ke restoran Italia favorit saya!,1
"Itu hanya BERTERIAK ""LEGIT"" dalam buku saya... sesuatu yang juga cukup langka di sini di Vegas.",1
Itu bukan pengalaman yang menyenangkan.,1
Suasananya luar biasa dengan duo pemain biola yang memainkan lagu-lagu yang kami minta.,1
"Saya pribadi menyukai hummus, pita, baklava, falafels, dan Baba Ganoush (sungguh menakjubkan apa yang mereka lakukan dengan terong!).",1
"Sangat nyaman, karena kami menginap di MGM!",1
Pemiliknya sangat ramah dan stafnya sopan.,1
Keduanya hebat!,1
Pilihan eklektik.,1
Tots ubi jalar bagus tapi onion ring sempurna atau sedekat yang saya miliki.,1
Staf sangat penuh perhatian.,1
Dan koki itu murah hati dengan waktunya (bahkan datang dua kali sehingga kami bisa berfoto dengannya).,1
"Pemiliknya dulu bekerja di Nobu, jadi tempat ini sangat mirip dengan setengah harga.",1
Google biasa-biasa saja dan saya membayangkan Smashburger akan muncul.,0
jangan pergi ke sini.,0
Saya berjanji mereka tidak akan mengecewakan.,1
Sebagai pecinta sushi hindari tempat ini dengan segala cara.,0
Burger keju ganda yang luar biasa!,1
Layanan dan makanan yang luar biasa.,1
Permata lingkungan yang fantastis !!!,1
Saya tidak sabar untuk kembali.,1
Pisang raja adalah yang terburuk yang pernah saya rasakan.,0
Itu adalah tempat yang bagus dan saya sangat merekomendasikannya.,1
Layanan lambat dan tidak penuh perhatian.,0
"Dulu saya kasih bintang 5, sekarang saya kasih bintang 5.",1
Staf Anda menghabiskan lebih banyak waktu berbicara dengan diri mereka sendiri daripada saya.,0
Makanan penutup: Panna Cotta sangat mengagumkan.,1
"Makanan yang sangat enak, suasana luar biasa.1",1
Steak yang sangat enak.,1
Brunch total gagal.,0
"Harga sangat masuk akal, rasanya pas, sausnya dibuat di rumah, dan selada dr kubis tidak basah kuyup di mayo.",1
"Dekorasinya bagus, dan soundtrack musik pianonya menyenangkan.",1
Steak sangat mengagumkan... rge fillet relleno adalah piring makanan laut terbaik yang pernah saya miliki!,1
"Makanan enak, pelayanan bagus.",1
Itu benar-benar luar biasa.,1
"Saya mungkin tidak akan kembali, jujur.",0
pasti akan kembali!,1
Sandwich daging sapi lada sersan dengan saus auju juga merupakan sandwich yang luar biasa.,1
"Hawaiian Breeze, Mango Magic, dan Pineapple Delight adalah smoothie yang sudah saya coba sejauh ini dan semuanya enak.",1
Pergi untuk makan siang - layanan lambat.,0
"Kami memiliki banyak hal untuk dikatakan tentang tempat itu sebelum kami masuk sehingga dia mengharapkannya menjadi luar biasa, tetapi dengan cepat kecewa.",0
Saya sangat malu.,0
"Tak perlu dikatakan, kami tidak akan pernah kembali ke sini lagi.",0
"Ngomong-ngomong, Makanannya pasti tidak mengenyangkan sama sekali, dan untuk harga yang Anda bayar, Anda harus mengharapkan lebih banyak.",0
"Keripik yang keluar meneteskan minyak, dan kebanyakan tidak bisa dimakan.",0
Saya tidak terlalu terkesan dengan Strip Steak.,0
Telah berlangsung sejak 2007 dan setiap kali makan luar biasa! !,1
Server kami sangat baik dan penuh perhatian seperti staf melayani lainnya.,1
Kasir ramah dan bahkan membawakan makanan untuk saya.,1
Saya bekerja di industri perhotelan di Paradise Valley dan tidak lagi merekomendasikan Cibo.,0
Suasana di sini menyenangkan.,1
Tidak akan merekomendasikan kepada orang lain.,0
"Layanan cepat dan bahkan pesanan ""untuk pergi"" seperti yang kami suka!",1
"Maksud saya sungguh, bagaimana Anda menjadi begitu terkenal dengan ikan dan keripik Anda saat itu sangat buruk!?!",0
"Konon, mulut dan perut kami masih cukup senang.",1
Bukan hal saya.,0
2 Jempol!!,1
Jika Anda membaca ini tolong jangan pergi ke sana.,0
"Saya menyukai pizza panggang, mengingatkan saya pada pizza Italia yang sah.",1
Hanya Pro: Area tempat duduk besar / Area bar yang bagus / Menu minuman sederhana yang luar biasa / Pizza oven batu bata TERBAIK dengan adonan buatan sendiri!,1
Mereka memiliki suasana yang sangat bagus.,1
Malam ini aku punya Elk Filet spesial... dan itu payah.,0
"Setelah satu gigitan, saya ketagihan.",1
Kami memesan beberapa klasik lama dan beberapa hidangan baru setelah pergi ke sana beberapa kali dan sangat kecewa dengan semuanya.,0
"Lucu, aneh, sederhana, jujur.",1
Ayam itu dibumbui dengan nikmat dan memiliki gorengan yang sempurna di luar dan ayam lembab di dalam.,1
"Makanannya enak seperti biasa, pujian untuk koki.",1
Terima kasih khusus kepada Dylan T. untuk rekomendasi tentang apa yang harus dipesan :) Semua enak untuk perutku.,1
Pilihan bir yang luar biasa.,1
Makanan enak dan layanan luar biasa!,1
"Satu hal yang menyenangkan adalah mereka menambahkan persen pada tagihan karena pesta kami lebih besar dari 6 atau 8, dan mereka tidak mengharapkan tip lebih dari itu.",1
A FLY ada di jus apel saya .. A FLY!!!!!!!!,0
Ayam Han Nan juga sangat enak.,1
Untuk pelayanannya menurut saya bagus.,1
"Makanannya hampir tidak suam-suam kuku, jadi pasti sudah duduk menunggu server untuk membawanya kepada kami.",0
Ryan's Bar jelas merupakan salah satu tempat di Edinburgh yang tidak akan saya kunjungi lagi.,0
Restoran Cina terbaik yang pernah saya kunjungi.,1
"Secara keseluruhan, saya suka makanan dan layanan di sana.",1
Mereka juga sekarang menyajikan roti naan India dengan hummus dan beberapa saus kacang pinus pedas yang keluar dari dunia ini.,1
"Mungkin tidak akan pernah kembali, dan tidak akan merekomendasikannya.",0
"Pasta teman -- juga buruk, dia hampir tidak menyentuhnya.",0
Cobalah mereka di bandara untuk merasakan makanan lezat dan layanan yang cepat dan ramah.,1
Saya suka dekorasi dengan kertas dinding kaligrafi Cina.,1
Tidak pernah ada yang perlu dikeluhkan di sini.,1
Restorannya sangat bersih dan memiliki nuansa restoran keluarga.,1
Itu terlalu digoreng.,0
"Aku tidak yakin sudah berapa lama kami berdiri di sana, tapi cukup lama bagiku untuk mulai merasa canggung.",0
"Ketika saya membuka sandwich, saya terkesan, tetapi tidak dengan cara yang baik.",0
tidak akan kembali!,0
Ada perasaan hangat dengan layanan ini dan saya merasa seperti tamu mereka untuk suguhan istimewa.,1
Menu yang luas menyediakan banyak pilihan untuk sarapan.,1
"Saya selalu memesan dari menu vegetarian saat makan malam, yang memiliki beragam pilihan untuk dipilih.",1
"Saya telah menyaksikan harga mereka meningkat, porsi menjadi lebih kecil dan sikap manajemen berkembang pesat!",0
Lil tapas yang indah dan suasananya membuatku merasa hangat dan kabur di dalam.,1
"Saya harus menikmati salad makanan laut, dengan vinegrette yang luar biasa.",1
"Wontonnya tipis, tidak tebal dan kenyal, hampir meleleh di mulut.",1
"Pedas level 5 sempurna, di mana rempah-rempah tidak membanjiri sup.",1
Kami duduk tepat waktu dan server kami dari awal sangat FANTASTIS!,1
"Hal utama yang tidak saya nikmati adalah kerumunan orang yang lebih tua, sekitar pertengahan 30-an ke atas.",0
"Ketika saya berada di sisi kota ini, ini pasti akan menjadi tempat yang akan saya kunjungi lagi!",1
Saya harus menunggu lebih dari 30 menit untuk mendapatkan minuman saya dan lebih lama untuk mendapatkan 2 arepas.,0
Ini adalah tempat yang bagus untuk makan!,1
Bacon jalapeno sangat enak.,1
Layanannya buruk dan itu bagus.,0
"Makanan enak, pelayanan bagus, harga bagus.",1
Tempat itu tidak bersih dan makanannya sangat basi!,0
"Hidangan ayamnya oke, daging sapinya seperti kulit sepatu.",0
Tapi layanannya sangat buruk.,0
"Saya sangat senang berada di sini!!!""",1
Terasa seperti kotoran.,0
Salah satu dari sedikit tempat di Phoenix yang pasti akan saya kunjungi lagi.,1
Blok itu luar biasa.,1
"Dekat dengan rumah saya, murah, tidak mewah, harga terjangkau, makanan enak.",1
* Hot & Sour & the Egg Flower Soups benar-benar 5 Bintang!,1
Sashimi saya berkualitas buruk karena lembek dan hambar.,0
Waktu yang tepat - makan malam keluarga pada hari Minggu malam.,1
"makanannya tidak enak sama sekali, belum lagi ""gaya Hunan tradisional yang sesungguhnya"".",0
"Apa yang mengganggu saya, adalah layanan lambat.",0
Bakat bartender benar-benar luar biasa!,1
Margarita beku mereka terlalu manis untuk seleraku.,0
Ini sangat bagus kami memesannya dua kali.,1
Singkatnya: 1) Restoran berbau seperti kombinasi pasar ikan yang kotor dan selokan.,0
Daging sapi pacar saya sangat buruk.,0
"Sayangnya, itu tidak baik.",0
Saya memiliki pengalaman yang cukup memuaskan.,1
Bergabunglah dengan klub dan dapatkan penawaran menarik melalui email.,1
"Sempurna untuk seseorang (saya) yang hanya menyukai bir es dingin, atau dalam hal ini, bahkan lebih dingin.",1
Hambar dan hambar adalah cara yang baik untuk menggambarkan daging yang hampir tidak hangat.,0
"Rantai, yang saya bukan penggemar, mengalahkan tempat ini dengan mudah.",0
Nacho adalah HARUS DIMILIKI!,1
Kami tidak akan kembali.,0
"Saya tidak punya banyak kata untuk dikatakan tentang tempat ini, tetapi semuanya berjalan dengan baik.",1
"Staf sangat baik dan sangat cepat bahkan dengan kerumunan gila dari juri pusat kota, pengacara, dan staf pengadilan.",1
"Suasana luar biasa, layanan ramah dan cepat.",1
"Ketika saya menerima Pita saya, itu sangat besar, ada banyak daging di dalamnya, jadi diacungi jempol di sana.",1
"Setelah makanan Anda tiba, itu meh.",0
"Membayar $7,85 untuk hot dog dan kentang goreng yang sepertinya keluar dari makanan anak-anak di Wienerschnitzel bukanlah ide saya tentang makanan enak.",0
Maine Lobster Roll klasik sangat fantastis.,1
"Kakak ipar saya yang bekerja di mal makan di sini pada hari yang sama, dan coba tebak dia sakit sepanjang malam juga.",0
Sangat bagus saya harus meninjau tempat ini dua kali - sekali sebagai penghargaan untuk tempat ini dan sekali sebagai penghargaan untuk acara yang diadakan di sini tadi malam.,1
"Keripik dan salsa benar-benar enak, salsa sangat segar.",1
Tempat ini bagus!!!!!!!!!!!!!!!,1
Makanan biasa-biasa saja.,0
"Begitu Anda masuk ke dalam, Anda akan terkesan dengan tempat itu.",1
Saya sangat kesal.,0
Dan layanannya sangat ramah.,1
Mengapa sayuran kecil yang menyedihkan ini terlalu matang?,0
Tempat ini adalah kejutan yang menyenangkan!,1
Mereka renyah keemasan dan lezat.,1
"Saya memiliki harapan besar untuk tempat ini karena burgernya dimasak di atas panggangan arang, tapi sayangnya rasanya tidak rata, rata.",0
Saya bisa makan bruschetta mereka sepanjang hari.,1
Tidak ada satu pun karyawan yang keluar untuk melihat apakah kami baik-baik saja atau bahkan membutuhkan isi ulang air begitu mereka akhirnya menyajikan makanan kami.,0
"Terakhir, tongkat mozzarella, itu adalah yang terbaik yang kami pesan.",1
"Pertama kali saya datang ke sini saya memiliki pengalaman yang luar biasa, saya masih memberi tahu orang-orang betapa hebatnya bebek itu.",1
Server sangat mengabaikan kebutuhan kami dan membuat kami merasa sangat tidak diinginkan... Saya tidak akan menyarankan tempat ini!,0
Layanan ini sangat buruk.,0
"Tempat ini terlalu mahal, tidak konsisten dengan boba mereka, dan itu benar-benar TERLALU MAHAL!",0
Itu dikemas!!,0
Saya menyukai tempat ini.,1
Saya dapat mengatakan bahwa makanan penutupnya enak.,1
Makanannya sangat buruk.,0
Buah musiman adalah pure persik putih segar.,1
Itu terus menjadi semakin buruk jadi sekarang saya secara resmi selesai.,0
Tempat ini sejujurnya harus diledakkan.,0
Tapi saya pasti tidak akan makan di sini lagi.,0
Jangan buang uang Anda di sini!,0
Saya suka mereka memasukkan makanan mereka ke dalam wadah plastik yang bagus daripada menjejalkannya ke dalam kotak kertas kecil.,1
"Crepe itu lembut, tipis, dan lembab.",1
Layanan yang buruk.,0
Tidak akan pernah pergi ke sini lagi.,0
Kualitas makanan sangat buruk.,0
Untuk harga itu saya bisa memikirkan beberapa tempat yang saya lebih suka pergi.,0
Layanan di sini paling adil.,0
"Saya memang suka sushi, tapi menurut saya Kabuki terlalu mahal, terlalu trendi, dan kurang layanan.",0
Bantulah diri Anda sendiri dan jauhi hidangan ini.,0
Layanan yang sangat buruk.,0
Tak seorang pun di meja mengira makanan itu di atas rata-rata atau sepadan dengan menunggu yang kami miliki untuk itu.,0
"Layanan dan makanan terbaik yang pernah ada, Maria server kami sangat baik dan ramah, dia membuat hari kami menyenangkan.",1
Mereka sangat baik.,1
Saya membayar tagihan tetapi tidak memberi tip karena saya merasa server melakukan pekerjaan yang buruk.,0
Baru saja makan siang di sini dan memiliki pengalaman hebat.,1
Saya tidak pernah memiliki makanan hambar yang mengejutkan saya mengingat artikel yang kami baca sangat berfokus pada bumbu dan rasa mereka.,0
Makanan terlalu mahal dan porsinya kecil.,0
Saya baru-baru ini mencoba Caballero dan saya telah kembali setiap minggu sejak itu!,1
"untuk 40 dolar per kepala, saya benar-benar mengharapkan makanan yang lebih baik.",0
Makanan keluar dengan kecepatan yang baik.,1
"Saya makan di sana dua kali pada kunjungan terakhir saya, dan sangat menikmati salad salmon.",1
Saya tidak akan kembali.,0
Kami tidak percaya betapa kotornya tiram itu!,0
Tempat ini tidak pantas mendapat bintang.,0
Saya tidak akan merekomendasikan tempat ini.,0
"Sebenarnya saya akan mengumpulkan hingga 4 bintang, hanya karena dia sangat mengagumkan.",1
"Saya tidak percaya, setiap hidangan memenuhi syarat sebagai versi terburuk dari makanan ini yang pernah saya rasakan.",0
"Hari buruk atau tidak, saya memiliki toleransi yang sangat rendah terhadap orang-orang layanan pelanggan yang kasar, adalah tugas Anda untuk bersikap baik dan sopan, sebaliknya mencuci piring!!",0
kentangnya enak dan begitu juga biskuitnya.,1
Saya mungkin tidak akan pergi ke sini lagi.,0
Sangat beraroma dan memiliki jumlah panas yang sempurna.,1
Harganya masuk akal dan layanannya luar biasa.,1
"Sang Istri membenci makanannya (udang kelapa), dan teman-teman kami juga tidak menikmati makanan mereka.",0
Teman saya mendapatkan huevos rancheros dan mereka tidak terlihat terlalu menarik.,0
"Masuk untuk happy hour, daftar anggur yang luar biasa.",1
Beberapa orang mungkin mengatakan prasmanan ini mahal tapi saya pikir Anda mendapatkan apa yang Anda bayar dan tempat ini Anda mendapatkan cukup banyak!,1
Saya mungkin tidak akan datang kembali ke sini.,0
Makanan / layanan terburuk yang pernah saya alami.,0
"Tempat ini cukup bagus, getaran kecil yang menyenangkan di restoran.",1
Bicara tentang layanan pelanggan yang hebat tentu saja kami akan kembali.,1
"Hidangan panas tidak panas, hidangan dingin dekat dengan suhu kamar. Saya menyaksikan staf menyiapkan makanan dengan TANGAN KONSOL, tanpa sarung tangan. Semuanya digoreng dalam minyak.",0
Saya suka kentang goreng dan kacang mereka.,1
Selalu menyenangkan berurusan dengannya.,1
"Mereka memiliki banyak salad dan sandwich, dan semua yang saya coba mendapatkan persetujuan saya.",1
Tempat ini luar biasa jika Anda menginginkan sesuatu yang ringan dan sehat selama musim panas.,1
"Untuk sushi di the Strip, ini adalah tempat untuk dituju.",1
"Layanan hebat, bahkan manajer datang dan membantu dengan meja kami.",1
Nuansa ruang makan lebih seperti kuliah memasak daripada makan kelas atas dan layanannya paling lambat.,0
"Saya memulai ulasan ini dengan dua bintang, tetapi saya mengeditnya untuk memberikannya hanya satu.",0
ini adalah sushi terburuk yang pernah saya makan selain Costco.,0
"Semua dalam semua restoran yang sangat baik disorot oleh layanan hebat, menu unik, dan pengaturan yang indah.",1
Pacar saya dan saya duduk di bar dan memiliki pengalaman yang sangat menyenangkan.,1
Getaran aneh dari pemilik.,0
Hampir tidak ada daging.,0
Saya memiliki bagel yang lebih baik dari toko kelontong.,0
Pergi Ke Tempat untuk Gyros.,1
"Saya suka pemilik / koki, pria keren Jepang otentiknya!",1
"Sekarang burgernya tidak begitu enak, pizza yang dulunya luar biasa pucat dan hambar.",0
Saya menemukan seutas kawat sepanjang enam inci di salsa saya.,0
"Layanannya mengerikan, makanannya biasa-biasa saja.",0
Kami pasti menikmati diri kita sendiri.,1
Saya memesan sup Albondigas - yang hangat - dan rasanya seperti sup tomat dengan bakso beku.,0
"Pada tiga kesempatan berbeda saya meminta well done atau medium well, dan ketiga kali saya mendapatkan potongan daging paling berdarah di piring saya.",0
Saya makan sekitar dua gigitan dan menolak untuk makan lagi.,0
Layanan ini sangat lambat.,0
"Setelah 20 menit menunggu, saya mendapat meja.",0
Chai latte panas yang benar-benar mematikan.,1
"Tidak ada peringatan alergi pada menu, dan pelayan sama sekali tidak tahu makanan mana yang mengandung atau tidak mengandung kacang.",0
Pacar saya mencoba Salad Ayam Mediterania dan jatuh cinta.,1
Bir berputar mereka di keran juga menjadi sorotan tempat ini.,1
Harga sedikit menjadi perhatian di Mellow Mushroom.,0
Thailand terburuk yang pernah ada.,0
"Jika Anda tinggal di Vegas, Anda harus sarapan di sini setidaknya sekali.",1
Pertama-tama saya ingin mengatakan bahwa server kami hebat dan kami memiliki layanan yang sempurna.,1
Pilihan pizzanya bagus.,1
"Saya minum teh stroberi, yang enak.",1
Sangat tidak profesional dan kasar kepada pelindung yang setia!,0
"Secara keseluruhan, pengalaman hebat.",1
Menghabiskan uang Anda di tempat lain.,0
Roti panggang biasa mereka sama-sama memuaskan dengan sesekali mentega... Mmmm...!,1
Prasmanan di Bellagio jauh dari yang saya perkirakan.,0
"Dan minumannya LEMAH, semuanya!",0
-Pesanan saya tidak benar.,0
"Juga, saya merasa keripik itu dibeli, bukan dibuat sendiri.",0
"Setelah makan malam yang mengecewakan, kami pergi ke tempat lain untuk pencuci mulut.",0
Keripik dan sal di sini luar biasa!!!!!!!!!!!!!!!!!!!!,1
Kami tidak akan kembali.,0
Ini adalah tempat prasmanan Vegas favorit saya yang baru.,1
Saya benar-benar tidak percaya bahwa pemilik memiliki begitu banyak karyawan yang tidak berpengalaman sehingga semuanya berlarian seperti ayam dengan kepala terpenggal.,0
Sangat sangat sedih.,0
"Saya merasa terhina dan tidak dihargai, bagaimana Anda bisa berbicara dan menilai manusia lain seperti itu?",0
"Bagaimana Anda bisa menyebut diri Anda restoran steak jika Anda tidak bisa memasak steak dengan benar, saya tidak mengerti!",0
Saya tidak terkesan dengan konsep atau makanannya.,0
Satu-satunya hal yang saya tidak terlalu tergila-gila adalah guacamole mereka karena saya tidak suka pure.,0
"Benar-benar tidak ada apa-apa untuk saya di postinos, semoga pengalaman Anda lebih baik",0
Saya mendapat keracunan makanan di sini di prasmanan.,0
Mereka membawa kentang goreng segar dan saya berpikir yay sesuatu yang hangat tapi tidak!,0
Apa yang HARUS menjadi makan malam Natal yang lucu dan lezat untuk diingat adalah kegagalan terbesar dari seluruh perjalanan bagi kami.,0
"Tak perlu dikatakan, saya tidak akan kembali dalam waktu dekat.",0
Tempat ini menjijikkan!,0
"Setiap kali saya makan di sini, saya melihat kerja tim yang peduli hingga tingkat profesional.",1
Cumi gaya RI adalah lelucon.,0
"Namun, ada begitu banyak bawang putih di dalam fondue, hampir tidak bisa dimakan.",0
"Saya hampir tidak bisa makan, tetapi tidak mengeluh karena itu adalah makan siang bisnis.",0
"Itu sangat buruk, saya kehilangan hati untuk menyelesaikannya.",0
Dia juga membutuhkan waktu lama untuk membawakan kami cek ketika kami memintanya.,0
Kami bukan orang yang membuat keributan di restoran tapi saya tidak mengerti ... pasti kehilangan cinta setelah yang ini!,0
Pengalaman yang mengecewakan.,0
"Makanannya setara dengan Denny's, artinya, tidak enak sama sekali.",0
"Jika Anda ingin menunggu makanan biasa-biasa saja dan layanan yang benar-benar buruk, maka ini adalah tempat untuk Anda.",0
WAAAAAyyyyyyyyy overrated hanya itu yang saya katakan.,0
Kami tidak akan kembali.,0
Tempat itu cukup bersih tapi makanannya tidak sepadan.,0
Tempat ini tidak memiliki gaya!!,0
"Sangria sekitar setengah gelas anggur penuh dan $12, konyol.",0
Jangan repot-repot datang ke sini.,0
"Dagingnya cukup kering, saya punya brisket yang diiris dan daging babi yang ditarik.",0
"Bangunannya sendiri terlihat cukup rapi, kamar mandinya cukup trippy, tapi saya tidak akan makan di sini lagi.",0
Itu sama mengerikannya.,0
Mungkin tidak terburu-buru untuk kembali.,0
sangat lambat di tempat duduk bahkan dengan reservasi.,0
Tidak bagus dengan imajinasi apa pun.,0
Saus krim mete terasa hambar dan sayurannya kurang matang.,0
"Saus celup peternakan chipolte tidak berasa, tampak tipis dan encer tanpa panas.",0
"Itu agak terlalu manis, tidak terlalu pedas, dan kurang rasa.",0
Saya sangat kecewa!!,0
Tempat ini mengerikan dan terlalu mahal.,0
"Mungkin itu hanya makanan vegetarian mereka, tapi saya sudah dua kali dan saya pikir itu rata-rata.",0
Itu tidak sibuk sama sekali dan sekarang kami tahu mengapa.,0
Meja di luar juga sering kotor dan para pekerja tidak selalu ramah dan membantu dengan menu.,0
"Suasana di sini tidak terasa seperti pengaturan prasmanan, tetapi lebih seperti taman dalam ruangan douchey untuk teh dan biskuit.",0
Con: layanan jerawatan.,0
"Kentang goreng tidak panas, begitu pula burger saya.",0
Tapi kemudian mereka kembali dingin.,0
"Kemudian makanan kami keluar, kekecewaan pun terjadi.",0
Kekecewaan sebenarnya adalah pelayan kami.,0
Suami saya mengatakan dia sangat kasar... bahkan tidak meminta maaf untuk makanan yang buruk atau apa pun.,0
Satu-satunya alasan untuk makan di sini adalah untuk mengisi sebelum pesta minuman keras hanya untuk mendapatkan beberapa karbohidrat di perut Anda.,0
"Penghinaan, deuchebaggery yang mendalam, dan harus pergi keluar untuk istirahat sambil merokok hanya untuk memperkuatnya.",0
"Jika seseorang memesan dua taco, bukankah menurut Anda mungkin bagian dari layanan pelanggan untuk menanyakan apakah itu combo atau ala cart?",0
Dia cukup kecewa meskipun beberapa kesalahan harus ditempatkan di depan pintunya.,0
Setelah semua sambutan saya tidak sabar untuk makan di sini...... apa kekecewaan!,0
Del Taco sangat jahat dan harus dihindari jika memungkinkan.,0
TIDAK sulit untuk membuat hamburger yang layak.,0
Tapi aku tidak menyukainya.,0
Neraka tidak akan saya kembali,0
Kami mendapatkan layanan yang jauh lebih baik dari tempat pizza di sebelah daripada layanan yang kami terima dari restoran ini.,0
"Saya tidak tahu apa masalahnya tentang tempat ini, tapi saya tidak akan kembali ""ya'all"".",0
Saya segera mengatakan saya ingin berbicara dengan manajer tetapi saya tidak ingin berbicara dengan orang yang melakukan tembakan bola api di belakang bar.,0
Suasana tidak jauh lebih baik.,0
"Sayangnya, itu hanya membuat kami kecewa dengan makanan pembuka kami.",0
Makanannya tidak enak.,0
"Server Anda payah, tunggu, koreksi, server kami Heimer payah.",0
Apa yang terjadi selanjutnya cukup .... off menempatkan.,0
"sayang sekali karena aku tahu itu milik keluarga, aku benar-benar ingin menyukai tempat ini.",0
Terlalu mahal untuk apa yang Anda dapatkan.,0
Saya muntah di kamar mandi saat makan siang.,0
"Saya terus melihat waktu dan segera menjadi 35 menit, namun masih belum ada makanan.",0
"Saya telah mengunjungi sangat sedikit tempat makan yang dalam keadaan apa pun saya tidak akan pernah kembali lagi, dan ini menempati urutan teratas.",0
Kami mulai dengan tuna sashimi yang berwarna kecoklatan dan jelas tidak segar.,0
Makanan di bawah rata-rata.,0
Itu pasti mengalahkan nacho di bioskop tapi saya harapkan sedikit lebih banyak datang dari restoran.,0
"Secara keseluruhan, Ha Long Bay sedikit gagal.",0
"Masalah yang saya miliki adalah bahwa mereka mengenakan biaya $11,99 untuk sandwich yang tidak lebih besar dari sub Subway (yang menawarkan jumlah sayuran yang lebih baik dan lebih banyak).",0
Udang - Ketika saya membukanya (saya tinggal hanya 1/2 mil dari Brushfire) itu benar-benar sedingin es.,0
"Itu tidak memiliki rasa, tampak kurang matang, dan kering.",0
Sangat mengesankan bahwa tempat itu belum ditutup.,0
Saya akan menghindari tempat ini jika Anda tinggal di Mirage.,0
Kacang refried yang datang dengan makanan saya kering dan berkerak dan makanannya hambar.,0
Habiskan uang dan waktu Anda di tempat lain.,0
Seorang wanita di meja sebelah kami menemukan ulat hijau hidup di saladnya.,0
presentasi makanannya sangat buruk.,0
Saya tidak bisa mengatakan betapa kecewanya saya.,0
Saya pikir makanan harus memiliki rasa dan tekstur dan keduanya kurang.,0
Nafsu makan langsung hilang.,0
Secara keseluruhan saya tidak terkesan dan tidak akan kembali.,0
"Seluruh pengalaman itu mengecewakan, dan saya pikir kami akan pergi ke Ninja Sushi lain kali.",0
"Kemudian, seolah-olah saya belum cukup menyia-nyiakan hidup saya di sana, mereka menuangkan garam ke luka dengan menarik waktu yang diperlukan untuk membawa cek.",0
